username,content,created_at,id,title
123,Rekomendasi camera low budget,2025-12-27 22:02:36,,
123,asdadsada,2025-12-30 22:48:28,1767109708.0,AW
qwe,sunset,2026-01-02 23:45:17,1767372317.0,rekomendasi tempat foto
qwe,qwe,2026-01-02 23:51:40,1767372700.0,Rekomendasi 2
aldi,aku punya mobil 10m,2026-01-05 16:27:52,1767372701.0,jualan mobil
aldi,h,2026-01-05 16:28:06,1767372702.0,H
aldi,hhhhhh,2026-01-05 16:28:55,1767372703.0,hhhhhhhhhhhhhh
aldi,jkl,2026-01-05 16:36:31,1767372704.0,jk
ALDICIRAS,reqr,2026-01-05 16:46:24,1767372705.0,Rekomendasi 3
oui,asddddddddddddddddddddddddddddddddddddddddddddddddddddddddddddddddddddddddddddd,2026-01-06 18:33:12,1767372706.0,Rekomendasi Sar
oui,aSDw,2026-01-06 18:40:13,1767372707.0,TESET
QW,awe,2026-01-07 12:40:17,1767372708.0,Halo
QW,kewer,2026-01-07 12:41:11,1767372709.0,wer
